iso3c,country,hyperlink
AUS,Australia,http://dx.doi.org/10.1787/888933962873
AUT,Austria,http://dx.doi.org/10.1787/888933962911
BEL,Belgium,http://dx.doi.org/10.1787/888933962949
CAN,Canada,http://dx.doi.org/10.1787/888933962987
CHL,Chile,http://dx.doi.org/10.1787/888933963025
CZE,Czech Republic,http://dx.doi.org/10.1787/888933963063
DNK,Denmark,http://dx.doi.org/10.1787/888933963101
EST,Estonia,http://dx.doi.org/10.1787/888933963139
FIN,Finland,http://dx.doi.org/10.1787/888933963177
FRA,France,http://dx.doi.org/10.1787/888933963215
DEU,Germany,http://dx.doi.org/10.1787/888933963253
GRC,Greece,http://dx.doi.org/10.1787/888933963291
HUN,Hungary,http://dx.doi.org/10.1787/888933963329
ISL,Iceland,http://dx.doi.org/10.1787/888933963367
IRL,Ireland,http://dx.doi.org/10.1787/888933963405
ISR,Israel,http://dx.doi.org/10.1787/888933963443
ITA,Italy,http://dx.doi.org/10.1787/888933963481
JPN,Japan,http://dx.doi.org/10.1787/888933963519
LVA,Latvia,http://dx.doi.org/10.1787/888933963595
LTU,Lithuania,http://dx.doi.org/10.1787/888933963633
LUX,Luxembourg,http://dx.doi.org/10.1787/888933963671
MEX,Mexico,http://dx.doi.org/10.1787/888933963709
NZL,New Zealand,http://dx.doi.org/10.1787/888933963785
NOR,Norway,http://dx.doi.org/10.1787/888933963823
POL,Poland,http://dx.doi.org/10.1787/888933963861
PRT,Portugal,http://dx.doi.org/10.1787/888933963899
SVK,Slovak Republic,http://dx.doi.org/10.1787/888933963937
SVN,Slovenia,http://dx.doi.org/10.1787/888933963975
KOR,South Korea,http://dx.doi.org/10.1787/888933963557
ESP,Spain,http://dx.doi.org/10.1787/888933964013
SWE,Sweden,http://dx.doi.org/10.1787/888933964051
CHE,Switzerland,http://dx.doi.org/10.1787/888933964089
NLD,"Netherlands        
",http://dx.doi.org/10.1787/888933963747
TUR,Turkey,http://dx.doi.org/10.1787/888933964127
GBR,United Kingdom,http://dx.doi.org/10.1787/888933964165